date,sma_10,sma_20,sma_50,sma_100,sma_200,ema_12,ema_26,rsi_14,macd,macd_signal,macd_hist
2022-04-04,,,,,,,,,,,
2022-04-05,,,,,,,,,,,
2022-04-06,,,,,,,,,,,
2022-04-07,,,,,,,,,,,
2022-04-08,,,,,,,,,,,
2022-04-11,,,,,,,,,,,
2022-04-12,,,,,,,,,,,
2022-04-13,,,,,,,,,,,
2022-04-14,,,,,,,,,,,
2022-04-18,24.604,,,,,,,,,,
2022-04-19,24.503,,,,,,,,,,
2022-04-20,24.363,,,,,24.461666666666662,,,,,
2022-04-21,24.11,,,,,23.99833333333333,,,,,
2022-04-22,23.856,,,,,23.470897435897434,,,,,
2022-04-25,23.558,,,,,23.167682445759365,,34.15213946117274,,,
2022-04-26,23.057,,,,,22.65419283871946,,29.89223218096457,,,
2022-04-27,22.472,,,,,22.065855478916465,,27.666823665258747,,,
2022-04-28,21.707,,,,,21.49418540523701,,26.64155680751597,,,
2022-04-29,21.034,,,,,20.979695342892853,,26.20579575601107,,,
2022-05-02,20.543,22.5735,,,,20.71358836706318,,32.72356736897899,,,
2022-05-03,20.020999999999997,22.262,,,,20.491497849053463,,32.8397152810185,,,
2022-05-04,19.686,22.024499999999996,,,,20.363575103045235,,35.189421910866926,,,
2022-05-05,19.429,21.7695,,,,20.135332779499812,,32.72351995144231,,,
2022-05-06,19.147,21.5015,,,,19.76835850573061,,29.49850184451357,,,
2022-05-09,18.707,21.1325,,,,19.357841812541288,,27.80121399759618,,,
2022-05-10,18.459,20.758000000000003,,,,19.04894307215032,21.595384615384617,29.4818277933702,-2.546441543234298,,
2022-05-11,18.238,20.355,,,,18.675259522588732,21.22683760683761,27.470977766127902,-2.5515780842488773,,
2022-05-12,18.114,19.9105,,,,18.434450365267388,20.921886672997786,30.878930994153492,-2.4874363077303983,,
2022-05-13,18.11,19.572,,,,18.38453492445702,20.713598771294244,37.34885822999312,-2.3290638468372222,,
2022-05-16,17.906,19.2245,,,,18.203837243771325,20.454072936383557,34.24230280476111,-2.2502356926122324,,
2022-05-17,17.815,18.918,,,,18.227862283191122,20.29895642257737,40.995744095932615,-2.071094139386247,,
2022-05-18,17.595,18.6405,,,,18.109729624238643,20.088663354238303,37.72991321347156,-1.9789337299996603,,
2022-05-19,17.457,18.443,,,,18.015925066663467,19.896910513183617,37.96644187566572,-1.8809854465201497,,
2022-05-20,17.456,18.301499999999997,,,,17.97347505640755,19.737139364058905,39.45250219657612,-1.7636643076513536,-2.206603677580049,0.4429393699286952
2022-05-23,17.575,18.141,,,,18.02217120157562,19.629943855610097,42.83234318899993,-1.607772654034477,-2.0868374728709345,0.47906481883645746
2022-05-24,17.526,17.9925,,,,17.843375632102447,19.42476282926861,37.04259698290036,-1.581387197166162,-1.98574741772998,0.40436022056381815
2022-05-25,17.587,17.9125,,,,17.749010150240533,19.262187804878344,39.327815300713794,-1.5131776546378113,-1.8912334651115466,0.37805581047373527
2022-05-26,17.674,17.894,,,,17.78454705020353,19.167210930442913,43.78230680723101,-1.3826638802393845,-1.7895195481371142,0.40685566789772976
2022-05-27,17.739,17.924500000000002,,,,17.9346167347876,19.137047157817513,48.05380535424027,-1.202430423029913,-1.672101723115674,0.4696713000857611
2022-05-31,17.863,17.884500000000003,,,,18.0139064678972,19.086154775756956,46.54028571192494,-1.0722483078597556,-1.5521310400644905,0.479882732204735
2022-06-01,17.793,17.804,,,,17.95945931898994,18.980513681256443,42.8374537324612,-1.0210543622665043,-1.4459157045048934,0.4248613422383891
2022-06-02,17.847,17.721,,,,17.96569634683764,18.90788303820041,44.87040185664659,-0.942186691362771,-1.345169901876469,0.4029832105136979
2022-06-03,17.847,17.652,,,,17.894050755016465,18.80359540574112,42.477893449055586,-0.909544650724655,-1.2580448516461062,0.3485002009214513
2022-06-06,17.758,17.607000000000003,,,,17.73342756193701,18.65888463494548,39.52724104434881,-0.9254570730084701,-1.191527295918579,0.26607022291010884
2022-06-07,17.646,17.6105,,,,17.646746398562087,18.548596884208777,41.67521748321759,-0.9018504856466905,-1.1335919338642013,0.23174144821751086
2022-06-08,17.627000000000002,17.5765,,,,17.496477721860227,18.40944155945257,39.32482066512303,-0.9129638375923435,-1.0894663146098298,0.17650247701748634
2022-06-09,17.467000000000002,17.526999999999997,,,,17.209327303112502,18.20355699949312,34.91407627598605,-0.9942296963806179,-1.0704189909639874,0.07618929458336954
2022-06-10,17.155,17.4145,,,,16.847892333402886,17.955886110641778,32.04799759813821,-1.1079937772388924,-1.0779339482189685,-0.030059829019923878
2022-06-13,16.682,17.210500000000003,,,,16.414370435956286,17.66507973207572,29.2597565838757,-1.2507092961194353,-1.1124890177990618,-0.13822027832037342
2022-06-14,16.235,17.049,19.4302,,,16.039851907347625,17.392110863033075,29.095534203605567,-1.3522589556854498,-1.1604430053763395,-0.19181595030911036
2022-06-15,15.954000000000002,16.8735,19.217200000000002,,,15.856797767755683,17.203806354660255,35.842984840563005,-1.3470085869045718,-1.197756121681986,-0.14925246522258573
2022-06-16,15.519,16.683,19.002,,,15.517290418870193,16.940561439500236,31.40387363655212,-1.4232710206300432,-1.2428591014715975,-0.18041191915844568
2022-06-17,15.190999999999999,16.519,18.8068,,,15.317707277505548,16.739038369907625,35.4907556833585,-1.4213310924020774,-1.2785534996576935,-0.14277759274438395
2022-06-21,14.910000000000002,16.334,18.6254,,,15.121136927120078,16.53910960176632,34.78593518206469,-1.4179726746462418,-1.3064373346554032,-0.11153533999083853
2022-06-22,14.59,16.118000000000002,18.4152,,,14.944038938332374,16.348805186820666,34.499002486931815,-1.4047662484882917,-1.326103117421981,-0.07866313106631062
2022-06-23,14.335000000000003,15.981,18.2008,,,14.817263717050471,16.18370850631543,35.72252804086828,-1.3664447892649587,-1.3341714517905767,-0.03227333747438199
2022-06-24,14.2,15.8335,17.9928,,,14.734607760581167,16.042693061403174,37.0727869005844,-1.3080853008220075,-1.3289542215968628,0.02086892077485536
2022-06-27,14.122,15.638500000000002,17.7544,,,14.633898874337909,15.897308390188122,36.05326274957921,-1.2634095158502134,-1.315845280447533,0.05243576459731947
2022-06-28,14.084999999999999,15.383500000000002,17.53,,,14.484068278285923,15.73158184276678,33.94226815372521,-1.2475135644808564,-1.3021789372541976,0.05466537277334127
2022-06-29,14.004,15.119500000000002,17.3102,,,14.281903927780396,15.541835039598869,31.616393284960566,-1.2599311118184726,-1.2937293721670529,0.033798260348580245
2022-06-30,13.861,14.907500000000002,17.088800000000003,,,14.149303323506489,15.384662073702657,34.097668168848074,-1.235358750196168,-1.282055247772876,0.04669649757670791
2022-07-01,13.921000000000001,14.720000000000002,16.913600000000002,,,14.164795119890105,15.300613031206163,41.665494613213696,-1.1358179113160585,-1.2528077804815125,0.11698986916545406
2022-07-05,13.943000000000001,14.567000000000002,16.7734,,,14.207134332214704,15.236863917783484,43.27144561495015,-1.0297295855687807,-1.2081921414989663,0.17846255593018556
2022-07-06,13.966,14.437999999999999,16.6474,,,14.216805973412441,15.165244368318042,42.15324986473768,-0.948438394905601,-1.1562413921802932,0.2078029972746922
2022-07-07,14.021,14.3055,16.507800000000003,,,14.263451208272064,15.117448489183372,44.427569973832696,-0.8539972809113081,-1.0957925699264963,0.2417952890151882
2022-07-08,14.008000000000001,14.1715,16.391000000000002,,,14.221381791614824,15.033933786280901,40.7681351497372,-0.8125519946660766,-1.0391444548744124,0.2265924602083358
2022-07-11,13.946000000000002,14.073000000000002,16.2876,,,14.135015362135622,14.932160913223056,38.63431679128757,-0.7971455510874339,-0.9907446741170167,0.19359912302958282
2022-07-12,13.933000000000002,14.0275,16.199599999999997,,,14.106551460268603,14.859408252984311,41.5305552251244,-0.7528567927157077,-0.9431670978367549,0.19031030512104719
2022-07-13,13.985,14.035,16.1202,,,14.117851235611894,14.809081715726213,43.79618556278215,-0.691230480114319,-0.8927797742922678,0.20154929417794887
2022-07-14,14.031,14.017500000000002,16.0078,,,14.04279719936391,14.721742329376124,39.82237819188944,-0.6789451300122131,-0.850012845436257,0.17106771542404386
2022-07-15,14.084999999999999,13.972999999999999,15.9016,,,14.03005916869254,14.665316971644557,43.15509203359489,-0.6352578029520171,-0.8070618369394091,0.17180403398739208
2022-07-18,14.047999999999998,13.9845,15.786000000000001,,,14.006973142739842,14.607145344115331,42.540026360329165,-0.6001722013754893,-0.7656839098266253,0.16551170845113594
2022-07-19,14.029,13.985999999999999,15.693400000000002,,,14.044361890010634,14.580690133440122,46.34863737969452,-0.5363282434294874,-0.7198127765471978,0.1834845331177104
2022-07-20,14.045999999999998,14.006,15.6272,,,14.10522929154746,14.570268642074186,48.24571065896246,-0.46503935052672674,-0.6688580913431036,0.20381874081637685
2022-07-21,14.044999999999998,14.032999999999998,15.5754,,,14.167501708232466,14.56580429821684,48.96173595781094,-0.3983025899843735,-0.6147469910713576,0.21644440108698404
2022-07-22,14.111,14.0595,15.521399999999998,,,14.241732214658242,14.572041016867445,50.43859916065927,-0.33030880220920267,-0.5578593532989267,0.227550551089724
2022-07-25,14.211000000000002,14.0785,15.4822,,,14.30608110471082,14.578556497099486,50.54867169977679,-0.2724753923886656,-0.5007825611168745,0.2283071687282089
2022-07-26,14.258999999999997,14.095999999999998,15.4286,,,14.325145550139926,14.567552312129154,47.91294257851005,-0.24240676198922806,-0.44910740129134524,0.20670063930211718
2022-07-27,14.356,14.1705,15.369399999999999,,,14.452046234733784,14.61069658530477,55.70016347822583,-0.1586503505709871,-0.39101599114727364,0.23236564057628656
2022-07-28,14.552000000000001,14.2915,15.337,,,14.627116044774741,14.6832375789859,59.66844522122465,-0.056121534211158064,-0.3240370997600506,0.2679155655488925
2022-07-29,14.656,14.370499999999998,15.2698,,,14.684482807117089,14.70670146202398,52.83407498316785,-0.0222186549068919,-0.26367341078941886,0.24145475588252696
2022-08-01,14.808000000000002,14.427999999999997,15.228599999999998,,,14.794562375252921,14.758056909281464,56.4740213788973,0.036505465971456985,-0.2036376354372437,0.24014310140870068
2022-08-02,14.983,14.506,15.198599999999999,,,14.980014317521702,14.850052693779134,61.29869741209852,0.12996162374256848,-0.13691778360128126,0.26687940734384974
2022-08-03,15.209999999999999,14.628,15.177999999999999,,,15.246165960979903,14.987826568314013,66.08889410943314,0.25833939266589034,-0.057866348347846944,0.3162057410137373
2022-08-04,15.507,14.776000000000002,15.161800000000001,,,15.589832736213765,15.172432007698161,70.37189960707704,0.41740072851560406,0.03718706702484326,0.3802136614907608
2022-08-05,15.501,14.806000000000001,15.116399999999999,,,15.4360123152578,15.129288896016815,46.58838127549618,0.3067234192409849,0.09109433746807159,0.2156290817729133
2022-08-08,15.437000000000001,14.823999999999998,15.052200000000001,,,15.2181642667566,15.047119348163719,43.46799652796351,0.17104491859288196,0.10708445369303367,0.06396046489984829
2022-08-09,15.303999999999998,14.7815,14.954599999999997,,,14.892292841101739,14.902888285336775,38.93515918514121,-0.010595444235036666,0.08354847410741961,-0.09414391834245628
2022-08-10,15.099,14.727499999999997,14.841399999999998,,,14.61655548093224,14.769341004941458,38.93515918514121,-0.15278552400921797,0.0362816744840921,-0.18906719849331005
2022-08-11,14.908000000000001,14.729999999999999,14.746000000000002,,,14.472470022327279,14.688649078649497,43.26119609573761,-0.21617905632221834,-0.014210471677169993,-0.20196858464504835
2022-08-12,14.776,14.716,14.6664,,,14.350551557353853,14.613934332082868,43.26119609573761,-0.26338277472901517,-0.06404493228753903,-0.19933784244147612
2022-08-15,14.547999999999998,14.678,14.5688,,,14.161235933145568,14.50327252970636,40.08158991972816,-0.3420365965607921,-0.11964326514218965,-0.22239333141860246
2022-08-16,14.316999999999998,14.65,14.4926,,,14.08873809727702,14.44303012009848,44.54899889525956,-0.3542920228214612,-0.16657301667804397,-0.18771900614341724
2022-08-17,13.972,14.591,14.420800000000002,,,13.961239928465169,14.355398259350444,42.004680817234714,-0.39415833088527563,-0.21209007951949033,-0.1820682513657853
2022-08-18,13.543000000000001,14.525,14.341199999999999,,,13.84258763177822,14.269072462361523,41.58827325182153,-0.426484830583302,-0.25496902973225266,-0.17151580085104934
2022-08-19,13.456999999999999,14.479,14.2824,,,13.825266457658493,14.229141168853262,46.03285377467158,-0.4038747111947689,-0.2847501660247559,-0.11912454517001303
2022-08-22,13.325999999999999,14.381499999999999,14.224,,,13.653687002634111,14.11661219338265,39.86279162499726,-0.462925190748539,-0.3203851709695125,-0.14254001977902647
2022-08-23,13.294999999999998,14.2995,14.1826,,,13.520812079151941,14.018344623502454,40.53600114550452,-0.49753254435051275,-0.3558146456457126,-0.14171789870480017
2022-08-24,13.337,14.217999999999998,14.1724,,,13.520687143897796,13.981430206946715,46.42921929005223,-0.46074306304891977,-0.376800329126354,-0.08394273392256574
2022-08-25,13.325,14.116499999999998,14.164000000000001,16.7971,,13.526735275605828,13.950213154580293,46.74068896138186,-0.42347787897446487,-0.38613583909597626,-0.03734203987848861
2022-08-26,13.273,14.0245,14.1302,16.6737,,13.470314463974162,13.891678846833605,43.986511066882365,-0.42136438285944244,-0.3931815478486695,-0.028182835010772955
2022-08-29,13.281,13.9145,14.121200000000002,16.5616,,13.428727623362752,13.840443376697783,44.339716177227466,-0.41171575333503085,-0.3968883889459418,-0.014827364389089048
2022-08-30,13.241,13.779,14.1026,16.4547,,13.407384912076175,13.799669793238687,45.17736400956447,-0.3922848811625119,-0.3959676873892558,0.0036828062267438844
2022-08-31,13.239,13.605500000000001,14.0866,16.355999999999998,,13.38163338714138,13.758212771517302,44.77422363517733,-0.37657938437592264,-0.3920900267865892,0.015510642410666575
2022-09-01,13.239,13.391,14.071,16.2431,,13.352151327581167,13.716122936590095,44.348042184994995,-0.363971609008928,-0.386466343231057,0.022494734222128998
2022-09-02,13.172,13.3145,14.0498,16.1253,,13.307204969491757,13.66752123758342,43.19677575290637,-0.3603162680916636,-0.3812363282031783,0.020920060111514704
2022-09-06,13.163999999999998,13.245,14.0168,16.0048,,13.203019589569948,13.59066781257724,39.54038909698237,-0.38764822300729307,-0.38251870716400127,-0.005129515843291799
2022-09-07,13.153,13.224,13.9888,15.8716,,13.122555037328418,13.52321093757152,40.17451174897093,-0.4006559002431018,-0.38614614577982137,-0.014509754463280455
2022-09-08,13.054999999999998,13.196000000000002,13.9664,15.748199999999999,,13.032931185431739,13.450380497751407,38.94288597946892,-0.4174493123196683,-0.39240677908779076,-0.02504253323187755
2022-09-09,13.002,13.163499999999999,13.963600000000001,15.6369,,13.032480233826856,13.419241201621674,45.26739748082724,-0.3867609677948174,-0.39127761682919615,0.004516649034378761
2022-09-12,13.017,13.145,13.9614,15.5251,,13.075175582468876,13.411149260760808,48.547190537093826,-0.33597367829193203,-0.38021682912174337,0.04424315082981134
2022-09-13,12.992,13.136500000000002,13.9354,15.4245,,13.055917800550588,13.376990056260007,44.827759356091576,-0.321072255709419,-0.3683879144392785,0.04731565872985949
2022-09-14,12.934000000000001,13.0875,13.900800000000002,15.3371,,13.00269967738896,13.327583385425934,42.49054700902454,-0.32488370803697286,-0.35968707315881737,0.03480336512184451
2022-09-15,12.927000000000001,13.082999999999998,13.878800000000002,15.2631,,13.02843818855989,13.315910542061049,48.07823166511903,-0.2874723535011583,-0.3452441292272856,0.057771775726127295
2022-09-16,12.882,13.0605,13.8432,15.1755,,12.9840630826276,13.273250501908379,43.79463231951028,-0.28918741928077907,-0.3340327872379843,0.04484536795720523
2022-09-19,12.892000000000001,13.032,13.8266,15.108799999999999,,13.011130300684894,13.264861575841092,48.610760799767455,-0.2537312751561984,-0.31797248482162715,0.06424120966542873
2022-09-20,12.95,13.056999999999999,13.8176,15.0526,,13.041725639041065,13.260797755408419,49.16917038716671,-0.2190721163673537,-0.2981924111307725,0.07912029476341881
2022-09-21,12.904,13.0285,13.783000000000001,14.9913,,12.915306309957824,13.183701625378166,39.919683501135864,-0.26839531542034223,-0.29223299198868646,0.023837676568344235
2022-09-22,12.850999999999999,12.953,13.739600000000001,14.9299,,12.776028416118159,13.096760764239043,38.27490411195268,-0.3207323481208846,-0.29793286321512613,-0.02279948490575845
2022-09-23,12.727,12.864499999999998,13.7028,14.8553,,12.624331736715364,12.999963670591706,36.574743597989006,-0.37563193387634186,-0.3134726773473693,-0.062159256528972584
2022-09-26,12.537,12.777,13.651799999999998,14.7767,,12.437511469528385,12.88218858388121,33.783331905675894,-0.44467711435282453,-0.3397135647484604,-0.10496354960436416
2022-09-27,12.374,12.683,13.6006,14.693299999999999,,12.26558662806248,12.766470911001118,33.13824867562502,-0.5008842829386388,-0.3719477083864961,-0.12893657455214275
2022-09-28,12.282,12.608,13.5514,14.6224,,12.192419454514406,12.694139732408443,39.62207653773754,-0.5017202778940373,-0.3979022222880043,-0.10381805560603297
2022-09-29,12.131,12.529,13.4958,14.5615,,12.110508769204497,12.617536789267078,38.50969447013654,-0.507028020062581,-0.4197273818429197,-0.08730063821966128
2022-09-30,12.007,12.444500000000001,13.435599999999999,14.505500000000001,,12.016584343173037,12.534756286358405,37.12809938932257,-0.5181719431853686,-0.43941629411140953,-0.0787556490739591
2022-10-03,11.886,12.389,13.3816,14.451500000000001,,12.006340598069492,12.491441005887411,43.290420777025055,-0.4851004078179191,-0.4485531168527115,-0.03654729096520759
2022-10-04,11.800999999999998,12.3755,13.3356,14.408900000000001,,12.060749736828031,12.481704635080936,48.265751205770215,-0.420954898252905,-0.4430334731327502,0.022078574879845214
2022-10-05,11.800999999999998,12.352500000000001,13.291400000000001,14.36,,12.085249777316028,12.462319106556423,46.757257856070495,-0.3770693292403955,-0.42984064435427927,0.05277131511388378
2022-10-06,11.849,12.35,13.2382,14.3038,,12.147519042344332,12.4643695431078,50.002681910671164,-0.31685050076346855,-0.4072426156361172,0.09039211487264864
2022-10-07,11.867999999999999,12.297500000000001,13.165999999999999,14.2515,,12.121746881983665,12.428490317692408,44.48659277064744,-0.30674343570874285,-0.38714277965064237,0.08039934394189951
2022-10-10,11.929,12.233,13.1064,14.188099999999999,,12.106093515524638,12.398231775641118,44.9990792776636,-0.2921382601164808,-0.3681418757438101,0.07600361562732927
2022-10-11,11.956999999999999,12.1655,13.0304,14.1295,,12.028232974674694,12.339103495963998,40.74564495840812,-0.3108705212893046,-0.35668760485290896,0.045817083563604366
2022-10-12,11.943999999999999,12.113000000000001,12.943600000000002,14.071100000000001,,11.971581747801665,12.288799533299999,41.59496820488773,-0.31721778549833424,-0.34879364098199406,0.03157585548365982
2022-10-13,12.028,12.0795,12.8594,14.0187,,12.052876863524485,12.304444012314814,51.973705798254066,-0.25156714879032904,-0.3293483425436611,0.07778119375333203
2022-10-14,12.121,12.064,12.7584,13.9601,,12.110895807597641,12.31374445584705,51.15785631608286,-0.20284864824940918,-0.3040484036848107,0.1011997554354015
2022-10-17,12.158,12.022,12.713,13.9147,,12.143065683351852,12.314207829488009,49.834027962391716,-0.17114214613615708,-0.27746715217507995,0.10632500603892286
2022-10-18,12.21,12.005500000000001,12.690199999999999,13.871199999999998,,12.256440193605412,12.356118360637044,56.06693775752616,-0.09967816703163201,-0.24190935514639036,0.14223118811475835
2022-10-19,12.249,12.025,12.680400000000002,13.8175,,12.31083400997381,12.374924407997263,52.669134618807945,-0.06409039802345262,-0.20634556372180282,0.1422551656983502
2022-10-20,12.291999999999998,12.0705,12.6768,13.759099999999998,,12.404551854593224,12.415300377775242,55.96854987566495,-0.010748523182018133,-0.1672261556138459,0.15647763243182777
2022-10-21,12.443000000000001,12.1555,12.673,13.709499999999998,,12.571543876963498,12.494907757199298,61.3092427974058,0.07663611976419915,-0.1184537005382369,0.19508982030243605
2022-10-24,12.559,12.244,12.663,13.6647,,12.665152511276805,12.54565533074009,57.242692101564145,0.11949718053671532,-0.07086352432324645,0.19036070485996176
2022-10-25,12.756,12.3565,12.672,13.6204,,12.80435981723422,12.62153271364823,60.76823260583689,0.1828271035859892,-0.020125398741399327,0.2029525023273885
2022-10-26,12.89,12.416999999999998,12.658199999999999,13.5754,,12.834458306890493,12.649567327452067,53.7876331142872,0.18489097943842658,0.02087787689456586,0.16401310254386073
2022-10-27,12.889000000000001,12.458499999999999,12.6428,13.531799999999999,,12.781464721215034,12.63774752541858,48.42736004777593,0.14371719579645337,0.04544574067494336,0.09827145512151
2022-10-28,12.940999999999999,12.531,12.638,13.489600000000001,,12.80739322564349,12.660877338350538,52.979007450433244,0.14651588729295284,0.06565976999854525,0.08085611729440759
2022-10-31,13.009,12.5835,12.623399999999998,13.4529,,12.837025037082954,12.685997535509758,53.45981821246661,0.15102750157319633,0.08273331631347547,0.06829418525972086
2022-11-01,13.056000000000001,12.633,12.636199999999999,13.4301,,12.915944262147114,12.735182903249775,56.790579817524744,0.1807613588973389,0.10233892483024816,0.07842243406709075
2022-11-02,13.062999999999999,12.655999999999999,12.634,13.408299999999999,,12.879645144893711,12.731095280786828,49.489018205474665,0.14854986410688298,0.11158111268557512,0.03696875142130786
2022-11-03,12.968,12.63,12.603,13.3877,,12.739699737986987,12.674717852580397,43.15678672736457,0.06498188540659022,0.10226126722977816,-0.037279381823187935
2022-11-04,12.662,12.552499999999998,12.5404,13.3522,,12.384361316758218,12.508442456092961,33.226186514094564,-0.12408113933474318,0.0569927859168739,-0.18107392525161708
2022-11-07,12.371,12.465,12.4826,13.306400000000002,,12.059074960333877,12.342631903789778,32.392215427337916,-0.2835569434559009,-0.011117159957681054,-0.27243978349821985
2022-11-08,12.02,12.388,12.419799999999999,13.2705,,11.751524966436358,12.17354805906461,31.282390626006844,-0.4220230926282511,-0.09329834649179508,-0.328724746136456
2022-11-09,11.703999999999999,12.297,12.3508,13.226700000000001,,11.457444202369226,12.000692647282046,30.118182558192686,-0.5432484449128197,-0.18328836617600003,-0.3599600787368196
2022-11-10,11.535,12.212,12.302,13.1943,,11.356298940466267,11.91175245118708,40.520522663266135,-0.5554535107208132,-0.25772139508496267,-0.2977321156358505
2022-11-11,11.424,12.182500000000001,12.275,13.173,,11.43071448808684,11.906437454802852,49.32161217426701,-0.47572296671601144,-0.3013217094111724,-0.17440125730483902
2022-11-14,11.273,12.141,12.243599999999999,13.146700000000001,,11.43983533607348,11.875590235928566,46.81123607270479,-0.43575489985508575,-0.3282083474999551,-0.10754655235513066
2022-11-15,11.071000000000002,12.0635,12.2176,13.117199999999999,,11.422937592062176,11.835176144378302,45.66693574843244,-0.4122385523161256,-0.3450143884631892,-0.06722416385293639
2022-11-16,10.894,11.9785,12.1822,13.0855,,11.344024116360304,11.766644578128059,42.71514359622753,-0.4226204617677549,-0.3605356031241024,-0.06208485864365254
2022-11-17,10.793000000000001,11.8805,12.150599999999999,13.058499999999999,,11.284943483074104,11.70689312789635,43.18595288944374,-0.42194964482224684,-0.3728184114637313,-0.04913123335851555
2022-11-18,10.827,11.7445,12.1054,13.034500000000001,,11.20572140875501,11.637493636941066,41.780716582059554,-0.43177222818605543,-0.3846091748081961,-0.04716305337785931
2022-11-21,10.856,11.6135,12.0504,13.005899999999999,,11.106379653561932,11.55767929346395,40.22285065343015,-0.45129963990201816,-0.39794726782696055,-0.05335237207505761
2022-11-22,10.93,11.475,12.0074,12.9714,,11.05924432224471,11.50155490135551,42.845736894572305,-0.4423105791107993,-0.4068199300837283,-0.035490649027071
2022-11-23,11.080000000000002,11.392,11.98,12.9404,,11.102437503437832,11.489587871625472,48.3383582294815,-0.3871503681876405,-0.4028860177045107,0.01573564951687023
2022-11-25,11.147,11.341,11.946,12.9124,,11.158985579832013,11.488136918171735,49.5942307351743,-0.329151338339722,-0.388139081831553,0.058987743491831
2022-11-28,11.055000000000001,11.239500000000001,11.909600000000001,12.876399999999999,,11.122218567550165,11.446052702010865,44.64893289045086,-0.3238341344607001,-0.37527809235738246,0.05144395789668238
2022-11-29,11.02,11.1465,11.869200000000001,12.8479,,11.124954172542447,11.423382131491543,46.92857524162931,-0.29842795894909635,-0.3599080656757253,0.06148010672662896
2022-11-30,11.027,11.049,11.833,12.825300000000002,,11.167268915228226,11.42165012175143,49.57188930558929,-0.2543812065232043,-0.3388026938452211,0.08442148732201682
2022-12-01,11.099,10.996500000000001,11.8212,12.802100000000001,,11.238458312885422,11.43708344606614,51.85626219007481,-0.19862513318071784,-0.3107671817123205,0.11214204853160264
2022-12-02,11.158,10.9755,11.811999999999998,12.775799999999998,,11.286387803210742,11.445447635246426,50.9910255933308,-0.15905983203568397,-0.28042571177699316,0.12136587974130919
2022-12-05,11.196000000000002,11.011500000000002,11.7992,12.751000000000001,,11.265405064255244,11.423562625228172,46.78746001059403,-0.15815756097292777,-0.25597208161618007,0.0978145206432523
2022-12-06,11.201,11.0285,11.7832,12.7175,,11.164573515908284,11.363298727063121,41.78006714846394,-0.1987252111548372,-0.2445227075239115,0.04579749636907429
2022-12-07,11.195,11.0625,11.7716,12.6861,,11.099254513460856,11.317128450984372,43.351884010536494,-0.2178739375235157,-0.23919295352383235,0.02131901600031666
2022-12-08,11.137,11.1085,11.751000000000001,12.6512,,11.047061511389956,11.275859676837381,43.604144225339454,-0.22879816544742582,-0.23711399590855106,0.008315830461125245
2022-12-09,11.099,11.123000000000001,11.739600000000001,12.6177,,11.053667432714578,11.262092293367946,47.73943470248518,-0.20842486065336807,-0.2313761688575145,0.022951308204146426
2022-12-12,11.134,11.0945,11.735,12.5853,,11.086949366143104,11.262678049414765,49.89748520433396,-0.1757286832716609,-0.2202466717403438,0.04451798846868288
2022-12-13,11.109,11.064499999999999,11.7138,12.547699999999999,,11.05664946365955,11.235072267976633,45.615044320234524,-0.17842280431708346,-0.21188189825569176,0.0334590939386083
2022-12-14,11.067,11.047,11.6862,12.5109,,11.044857238481159,11.21617802590429,46.78005717749104,-0.17132078742313084,-0.2037696760891796,0.03244888866604875
2022-12-15,10.904,11.0015,11.641799999999998,12.466599999999998,,10.884109971022518,11.126090764726193,37.38814354073595,-0.2419807937036751,-0.2114118996120787,-0.030568894091596382
2022-12-16,10.74,10.949000000000002,11.5902,12.414200000000001,,10.734246898557515,11.036009967339067,36.66021381796974,-0.30176306878155224,-0.22948213344597343,-0.0722809353355788
2022-12-19,10.55,10.873000000000001,11.535600000000002,12.3508,,10.505901221856359,10.903712932721358,31.774574476543265,-0.39781171086499967,-0.2631480489297787,-0.13466366193522095
2022-12-20,10.392,10.7965,11.4758,12.291099999999998,,10.27883949541692,10.764919382149406,30.323884300319904,-0.4860798867324867,-0.3077344164903203,-0.1783454702421664
2022-12-21,10.222,10.708499999999999,11.4246,12.2275,,10.088248803814317,10.637147576064264,30.479255794374495,-0.548898772249947,-0.35596728764224567,-0.19293148460770132
2022-12-22,10.068999999999999,10.603,11.376,12.1598,,9.956210526304421,10.532914422281724,33.51288958521933,-0.5767038959773032,-0.4001146093092572,-0.17658928666804602
2022-12-23,9.877,10.488000000000001,11.309399999999998,12.0844,,9.835255060719126,10.431957798409004,33.02283392034906,-0.5967027376898777,-0.4394322349853813,-0.15727050270449638
2022-12-27,9.672999999999998,10.4035,11.2454,12.001900000000001,,9.742138897531568,10.342923887415743,34.061220639476915,-0.6007849898841755,-0.47170278596514015,-0.12908220391903535
2022-12-28,9.471,10.290000000000001,11.1764,11.944700000000001,,9.607963682526712,10.233818414273836,30.95976258167751,-0.6258547317471237,-0.5025331751215368,-0.12332155662558686
2022-12-29,9.315999999999999,10.191500000000001,11.1074,11.898800000000001,,9.58058465444568,10.17427630951281,40.09717484018292,-0.593691655067131,-0.5207648711106557,-0.07292678395647523
2022-12-30,9.264,10.084,11.0448,11.8626,,9.565110092223268,10.122848434734085,40.84991138942705,-0.5577383425108167,-0.528159565390688,-0.029578777120128685
2023-01-03,9.227,9.9835,10.9772,11.827,,9.561247001111997,10.079674476605634,41.79510577292504,-0.5184274754936364,-0.5262131474112777,0.007785671917641235
2023-01-04,9.34,9.945,10.915,11.793999999999999,,9.687209000940921,10.101920811671883,53.09548674720132,-0.41471181073096197,-0.5039128800752146,0.08920106934425265
2023-01-05,9.523,9.9575,10.8686,11.765799999999999,,9.86763838541155,10.158074825622114,58.101363013835496,-0.2904364402105646,-0.46121759210228463,0.17078115189172005
2023-01-06,9.751000000000001,9.9865,10.823599999999999,11.7478,,10.091078633809772,10.244143357057514,62.25842736564718,-0.15306472324774134,-0.399587018331376,0.24652229508363466
2023-01-09,9.989,10.029,10.7958,11.727,,10.324758843992884,10.345317923201401,64.64030893521257,-0.020559079208517517,-0.3237814305068043,0.3032223512982868
2023-01-10,10.328,10.102500000000001,10.7972,11.72,,10.66864209876321,10.509368447408706,71.0793174639739,0.15927365135450344,-0.22717041413454275,0.3864440654890462
2023-01-11,10.665000000000001,10.169,10.7902,11.714099999999998,,10.965774083568869,10.66423004389695,71.31616497423836,0.3015440396719189,-0.12142752337325044,0.42297156304516936
2023-01-12,11.093,10.282,10.793200000000002,11.7083,,11.301808839942888,10.848361151756436,74.41840429446538,0.4534476881864524,-0.00645248106130987,0.4599001692477623
2023-01-13,11.463999999999999,10.389999999999999,10.789000000000001,11.7126,,11.584607479951675,11.018112177552254,74.26114305084323,0.5664953023994208,0.10813707563083627,0.4583582267685845
2023-01-17,11.839,10.5515,10.8,11.716999999999999,,11.83774479072834,11.181955719955791,74.7777408232322,0.6557890707725491,0.21766747465917885,0.43812159611337026
2023-01-18,12.144,10.6855,10.8124,11.707699999999999,,11.953476361385519,11.286255296255364,64.81535563950587,0.6672210651301551,0.3075781927533741,0.359642872376781
2023-01-19,12.353,10.8465,10.8532,11.696800000000001,14.24695,12.032941536556978,11.373940089125336,63.11740112176111,0.6590014474316419,0.37786284368902767,0.28113860374261423
2023-01-20,12.568999999999999,11.046,10.908199999999999,11.695400000000001,14.18455,12.18479668477898,11.49587045289383,67.34043587687898,0.6889262318851515,0.44007552132825245,0.248850710556899
2023-01-23,12.788,11.269499999999999,10.9772,11.698500000000001,14.13005,12.388674117889906,11.645065234160953,70.57313450107212,0.7436088837289532,0.5007821938083926,0.24282668992056056
2023-01-24,12.965,11.477,11.048,11.6994,14.077050000000002,12.541185792060691,11.773578920519402,68.63218335283378,0.7676068715412896,0.554147129354972,0.21345974218631758
2023-01-25,13.162,11.745000000000001,11.1226,11.7123,14.03415,12.84715720866674,11.977758259740188,75.14451620831561,0.8693989489265519,0.6171974932692881,0.2522014556572638
2023-01-26,13.402000000000001,12.0335,11.185800000000002,11.7304,13.986749999999999,13.178363791948781,12.201628018277951,77.22557531366209,0.9767357736708302,0.6891051493495965,0.28763062432123365
2023-01-27,13.578,12.3355,11.2542,11.7489,13.937099999999997,13.4447693624182,12.402248165072177,75.91483047664485,1.0425211973460229,0.7597883589488819,0.28273283839714103
2023-01-30,13.702000000000002,12.583,11.315199999999999,11.766399999999999,13.8856,13.588650998969246,12.548748300992758,68.5374376260178,1.0399026979764887,0.8158112267544032,0.2240914712220855
2023-01-31,13.861,12.85,11.393400000000002,11.787799999999999,13.8297,13.778089306820132,12.716989167585886,71.05250040877598,1.0611001392342452,0.8648690092503716,0.1962311299838736
2023-02-01,14.138,13.141,11.481399999999999,11.815999999999999,13.7821,14.021460182693957,12.91276774776471,73.81863203626322,1.1086924349292477,0.9136336943861468,0.1950587405431009
2023-02-02,14.483,13.418000000000001,11.5844,11.8449,13.7409,14.313543231510272,13.135525692374731,76.34325078109022,1.1780175391355403,0.9665104633360255,0.21150707579951478
2023-02-03,14.722999999999999,13.645999999999997,11.681600000000001,11.866000000000001,13.695549999999999,14.483767349739459,13.304746011458086,69.86538172486924,1.1790213382813732,1.009012638325095,0.1700086999562782
2023-02-06,14.912,13.85,11.773599999999998,11.8905,13.6575,14.624726219010311,13.459950010609338,69.61094270958384,1.1647762084009727,1.0401653523402707,0.12461085606070199
2023-02-07,15.107,14.036000000000001,11.853399999999999,11.916699999999999,13.626900000000001,14.73322987762411,13.598472232045683,68.66833515576297,1.1347576455784267,1.059083810987902,0.07567383459052479
2023-02-08,15.11,14.136000000000001,11.9152,11.930600000000002,13.59685,14.706579127220401,13.66969651115341,59.17593763859328,1.0368826160669915,1.05464357200372,-0.01776095593672844
2023-02-09,15.047,14.2245,11.984199999999998,11.946900000000001,13.561200000000001,14.654797723032646,13.721570843660563,57.079196533793045,0.9332268793720822,1.0303602334773925,-0.09713335410531032
2023-02-10,14.978,14.278,12.0458,11.9575,13.533150000000001,14.587905765643008,13.758491521907928,55.40999000569572,0.82941424373508,0.99017103552893,-0.16075679179385005
2023-02-13,15.032000000000002,14.366999999999999,12.116200000000001,11.9746,13.513600000000002,14.638997186313315,13.844529186951785,61.1235901018815,0.7944679993615296,0.9510304282954499,-0.15656242893392036
2023-02-14,15.023,14.442000000000002,12.178199999999999,11.9997,13.4955,14.65299761918819,13.910119617547949,58.916845853263354,0.742878001640241,0.9093999429644082,-0.1665219413241672
2023-02-15,15.022,14.579999999999998,12.254199999999999,12.0331,13.4815,14.7602287546977,14.016777423655508,63.54230763211619,0.7434513310421913,0.8762102205799649,-0.1327588895377736
2023-02-16,14.960999999999999,14.722,12.3374,12.068299999999999,13.4618,14.844808946282669,14.112571688569915,63.04910743037467,0.7322372577127538,0.8474156280065227,-0.11517837029376887
2023-02-17,14.962,14.842499999999998,12.433799999999998,12.1085,13.442600000000002,14.934838339162258,14.21015897089807,63.953037585188305,0.724679368264189,0.822868376058056,-0.09818900779386697
2023-02-21,14.897,14.904499999999999,12.514000000000001,12.1428,13.418050000000001,14.906401671598832,14.25014719527599,55.64583245099187,0.6562544763228431,0.7895455961110134,-0.13329111978817032
2023-02-22,14.906,15.006499999999999,12.607199999999999,12.1791,13.400749999999999,14.985416799045165,14.33680295858888,61.01864036358942,0.6486138404562851,0.7613592449800678,-0.11274540452378268
2023-02-23,15.023000000000001,15.066500000000001,12.7,12.2198,13.390649999999999,15.099968060730523,14.44000273943415,63.23756583546369,0.6599653212963741,0.7410804602433291,-0.08111513894695499
2023-02-24,15.141,15.094,12.785600000000002,12.260299999999999,13.3829,15.169203743695059,14.522224758735323,61.06403055452954,0.6469789849597358,0.7222601651866104,-0.07528118022687458
2023-02-27,15.312999999999999,15.145499999999998,12.886599999999998,12.3002,13.37585,15.28778778312659,14.62724514697715,63.954814287930276,0.6605426361494384,0.7099166593791761,-0.04937402322973772
2023-02-28,15.383,15.2075,12.9794,12.332799999999999,13.37085,15.338897354953268,14.700782543497363,60.01739379671821,0.638114811455905,0.6955562897945219,-0.0574414783386169
2023-03-01,15.412,15.217500000000001,13.0798,12.3608,13.3604,15.289836223421997,14.724428281016078,53.381284499383106,0.5654079424059191,0.6695266203168013,-0.10411867791088225
2023-03-02,15.401000000000002,15.211500000000001,13.186399999999999,12.3883,13.34605,15.282169112126304,14.762618778718592,55.33154851891152,0.5195503334077127,0.6395313629349837,-0.11998102952727097
2023-03-03,15.417000000000002,15.188999999999998,13.310799999999999,12.4232,13.337349999999999,15.311066171799181,14.8150173877024,57.34080598068919,0.4960487840967822,0.6108348471673435,-0.11478606307056127
2023-03-06,15.387,15.1745,13.4328,12.4543,13.321200000000001,15.28320983767623,14.838349433057777,53.50905120359642,0.4448604046184528,0.5776399586575653,-0.13277955403911257
2023-03-07,15.394,15.145499999999998,13.5484,12.486500000000001,13.308,15.211946785726042,14.836990215794238,50.214256129185415,0.37495656993180404,0.5371032809124131,-0.16214671098060907
2023-03-08,15.386000000000001,15.146,13.6706,12.523299999999999,13.2972,15.231647280229726,14.87425019980948,55.19768171823642,0.3573970804202471,0.50116204081398,-0.14376496039373288
2023-03-09,15.290000000000001,15.1565,13.782600000000002,12.546,13.28235,15.160624621732847,14.866527962786554,49.36463922568716,0.2940966589462928,0.45974896444044255,-0.16565230549414978
2023-03-10,15.170000000000002,15.1555,13.885,12.565199999999999,13.262649999999999,15.035913141466256,14.828266632209774,45.54539124651843,0.20764650925648276,0.40932847340365064,-0.20168196414716788
2023-03-13,14.978,15.145500000000002,13.988,12.5822,13.24845,14.879618812009909,14.768395029823864,42.74694901490347,0.11122378218604467,0.3497075351601294,-0.23848375297408475
2023-03-14,14.821000000000002,15.102,14.0804,12.593900000000001,13.232550000000002,14.75198514862377,14.715180583170245,43.089289228192,0.03680456545352584,0.2871269412188087,-0.2503223757652829
2023-03-15,14.675999999999998,15.044,14.162199999999999,12.603499999999999,13.210500000000001,14.570141279604728,14.630352391824301,39.06447415609261,-0.06021111221957298,0.2176593305311324,-0.2778704427507054
2023-03-16,14.567999999999998,14.9845,14.2546,12.615900000000002,13.1875,14.507042621204,14.59551147391139,45.76970899563098,-0.0884688527073898,0.15643369388342795,-0.24490254659081775
2023-03-17,14.454999999999998,14.936000000000002,14.333799999999998,12.624400000000001,13.166950000000002,14.481343756403385,14.576584698066103,47.66190666752975,-0.09524094166271801,0.10609876677419877,-0.2013397084369168
2023-03-20,14.366,14.876500000000002,14.401399999999999,12.635,13.149849999999999,14.444213947725942,14.551652498209355,46.68728652979163,-0.10743855048341366,0.06339130332267628,-0.17082985380608995
2023-03-21,14.393,14.8935,14.4768,12.650200000000002,13.135299999999999,14.543565648075797,14.591530090934588,55.09311475898393,-0.047964442858791756,0.04112015408638268,-0.08908459694517443
2023-03-22,14.309999999999999,14.847999999999999,14.5348,12.665300000000002,13.120349999999998,14.538401702217982,14.585490824939434,49.37266654630043,-0.04708912272145227,0.02347829872481569,-0.07056742144626796
2023-03-23,14.285999999999998,14.788,14.574199999999998,12.685700000000002,13.10875,14.537109132645986,14.581380393462439,49.567127817085826,-0.04427126081645305,0.009928386816561944,-0.05419964763301499
2023-03-24,14.251,14.710500000000001,14.6022,12.696200000000001,13.0929,14.454476958392757,14.538315179131887,44.670476209627154,-0.08383822073913016,-0.00882493469457648,-0.07501328604455368
2023-03-27,14.283000000000001,14.630500000000001,14.626,12.7096,13.08125,14.436865118640025,14.523625165862857,48.205381790626774,-0.08676004722283182,-0.024411957200227548,-0.06234809002260427
2023-03-28,14.325999999999999,14.573500000000001,14.6528,12.720899999999999,13.0755,14.443501254233867,14.520393672095237,49.632324689179136,-0.07689241786136947,-0.034908049332455934,-0.04198436852891353
2023-03-29,14.434999999999999,14.555499999999999,14.681399999999998,12.740700000000002,13.0745,14.476808753582503,14.530734881569664,51.48306082840482,-0.05392612798716101,-0.038711665063396954,-0.015214462923764056
2023-03-30,14.504000000000001,14.535999999999998,14.726600000000001,12.7695,13.0786,14.534222791492887,14.55438414960154,53.42833208633158,-0.020161358108653715,-0.035001603672448305,0.01484024556379459
2023-03-31,14.579000000000002,14.517000000000001,14.779000000000002,12.816099999999999,13.08415,14.619726977417058,14.594059397779205,55.8370564847451,0.02566757963785271,-0.0228677670103881,0.048535346648240815
2023-04-03,14.636,14.501,14.8148,12.861500000000001,13.08395,14.648999750122126,14.610054997943708,52.43001976579533,0.038944752178418085,-0.010505263172626865,0.04945001535104495
2023-04-04,14.642,14.517500000000002,14.8476,12.9124,13.09145,14.726076711641799,14.65005092402195,55.945241255853865,0.07602578761984802,0.0068009469858681115,0.0692248406339799
2023-04-05,14.669999999999998,14.489999999999998,14.875800000000002,12.961899999999998,13.0943,14.735911063696907,14.660417522242547,51.59756499881466,0.07549354145436027,0.020539465879566544,0.054954075574793725
2023-04-06,14.728,14.507,14.8874,13.005,13.099649999999999,14.793463207743537,14.693719928002357,54.948998864987395,0.09974327974117969,0.036380228651889175,0.06336305108929052
2023-04-10,14.868,14.5595,14.8954,13.0406,13.1068,14.886776560398378,14.746036970372554,57.80068391545173,0.1407395900258237,0.05725210092667608,0.08348748909914762
2023-04-11,14.927000000000001,14.605,14.8958,13.075,13.110850000000001,14.893426320337088,14.759663861456067,52.05020398893816,0.13376245888102112,0.07255417251754509,0.06120828636347603
2023-04-12,14.885000000000002,14.605500000000001,14.8894,13.1023,13.109750000000002,14.765206886439074,14.707836908755617,43.43580360099926,0.05736997768345731,0.06951733355072753,-0.012147355867270226
2023-04-13,14.823000000000002,14.629,14.8738,13.133600000000001,13.109550000000002,14.653636596217678,14.658367508107052,43.2585601879625,-0.004730911889373246,0.05466768446270738,-0.059398596352080626
2023-04-14,14.716,14.610000000000003,14.8422,13.161800000000001,13.110149999999999,14.519230966030342,14.59330324824727,40.9208283293305,-0.07407228221692819,0.02891969112678027,-0.10299197334370847
2023-04-17,14.66,14.619499999999999,14.814400000000001,13.1994,13.11695,14.520887740487213,14.588614118747472,49.413257745874674,-0.06772637826025907,0.009590477249372405,-0.07731685550963147
2023-04-18,14.606,14.620999999999999,14.791400000000001,13.236500000000001,13.121200000000002,14.482289626566104,14.565013072914327,46.89653666255676,-0.08272344634822382,-0.008872307470146838,-0.07385113887807698
2023-04-19,14.52,14.581,14.769200000000001,13.271400000000002,13.121400000000001,14.452706607094395,14.544641734179933,47.119650879642606,-0.09193512708553797,-0.025484871393225066,-0.0664502556923129
2023-04-20,14.423999999999998,14.547,14.7392,13.296299999999999,13.11835,14.356905590618336,14.491705309425864,42.678217144772084,-0.13479971880752828,-0.04734784087608571,-0.08745187793144257
2023-04-21,14.271,14.499500000000001,14.7196,13.3174,13.1149,14.237381653600131,14.424171582801726,40.446841948257024,-0.18678992920159487,-0.07523625854118755,-0.11155367066040732
2023-04-24,14.066999999999998,14.467499999999998,14.6994,13.341800000000001,13.109100000000002,14.102399860738572,14.345344058149745,38.53735961876952,-0.24294419741117323,-0.1087778463151847,-0.13416635109598854
2023-04-25,13.855,14.391,14.6712,13.3585,13.1032,13.903569112932637,14.231614868657172,34.19151617384753,-0.32804575572453487,-0.15263142819705475,-0.17541432752748012
2023-04-26,13.706999999999999,14.296000000000001,14.624399999999998,13.3703,13.0978,13.699943095558385,14.109273026534417,32.538998426622456,-0.4093299309760319,-0.20397112875285017,-0.2053588022231817
2023-04-27,13.612,14.217500000000001,14.591600000000001,13.3849,13.093499999999999,13.60610569624171,14.0337713208652,39.51926281317294,-0.42766562462349,-0.24871002792697816,-0.17895559669651184
2023-04-28,13.594999999999999,14.1555,14.5568,13.4055,13.09065,13.606704819896834,14.002380852652964,45.68974088627209,-0.39567603275613017,-0.2781032288928086,-0.11757280386332158
2023-05-01,13.471,14.065499999999997,14.516399999999999,13.4269,13.08895,13.557981001451168,13.949611900604596,42.796146077395896,-0.3916308991534283,-0.30080876294493253,-0.09082213620849577
2023-05-02,13.312999999999999,13.9595,14.4616,13.4477,13.0826,13.424445462766371,13.856307315374625,37.9438591238487,-0.4318618526082538,-0.3270193808775968,-0.10484247173065703
2023-05-03,13.169,13.8445,14.4236,13.468800000000002,13.07745,13.336069237725392,13.781766032754284,39.900739852022305,-0.44569679502889237,-0.3507548637078559,-0.09494193132103645
2023-05-04,13.019,13.7215,14.3618,13.4845,13.06785,13.181289354998409,13.674227808105819,35.93466228323787,-0.4929384531074099,-0.3791915815877667,-0.11374687151964319
2023-05-05,12.95,13.610500000000002,14.305,13.5025,13.0601,13.136475608075578,13.61613685935724,42.55666381562286,-0.47966125128166226,-0.39928551552654584,-0.08037573575511642
2023-05-08,12.959999999999999,13.513499999999999,14.2632,13.524399999999998,13.054849999999998,13.186248591448567,13.60457116607152,48.4027380423076,-0.41832257462295175,-0.4030929273458271,-0.01522964727712467
2023-05-09,13.02,13.4375,14.2126,13.5496,13.04865,13.220671885071866,13.59015848710326,47.94182492924491,-0.36948660203139383,-0.39637166228294046,0.026885060251546633
2023-05-10,13.065999999999999,13.386500000000002,14.161000000000001,13.5702,13.040550000000001,13.192876210445423,13.549406006577094,44.560292399264725,-0.3565297961316709,-0.3884032890526866,0.03187349292101571
2023-05-11,12.995,13.3035,14.108200000000002,13.594000000000001,13.0303,13.067818331915358,13.462783339423234,39.24302630613583,-0.3949650075078761,-0.38971563274372456,-0.005249374764151549
2023-05-12,12.885,13.24,14.053600000000001,13.62,13.017100000000001,12.982000127005303,13.392206795762254,40.74293424951367,-0.4102066687569508,-0.3938138399463698,-0.01639282881058096
2023-05-15,12.837,13.154,14.000399999999999,13.6556,13.0032,12.955538569004489,13.349080366446533,44.16833684540331,-0.3935417974420439,-0.3937594314455046,0.0002176340034607538
2023-05-16,12.783,13.047999999999998,13.9408,13.6868,12.988949999999999,12.831609558388413,13.260259598561605,38.84790971000505,-0.4286500401731921,-0.40073755319104215,-0.02791248698214993
2023-05-17,12.749,12.959,13.894599999999999,13.7215,12.974499999999999,12.782131164790195,13.204684813482967,42.888999242092076,-0.42255364869277123,-0.40510077229138797,-0.017452876401383266
2023-05-18,12.756,12.8875,13.8358,13.7532,12.956499999999998,12.723341754822473,13.145078531002746,41.97622081045109,-0.42173677618027305,-0.408427973069165,-0.013308803111108047
2023-05-19,12.687000000000001,12.8185,13.784399999999998,13.783499999999998,12.933950000000003,12.64282763869594,13.075072713891432,40.29697639909594,-0.4322450751954925,-0.41319139349443057,-0.01905368170106192
2023-05-22,12.556999999999999,12.7585,13.740600000000002,13.8128,12.907350000000001,12.568546463511948,13.007289549899474,39.952728185301396,-0.43874308638752524,-0.41830173207304955,-0.02044135431447569
2023-05-23,12.385,12.702499999999999,13.694,13.841000000000001,12.892850000000001,12.433385469125493,12.909712546203215,36.055196525864716,-0.4763270770777215,-0.42990680107398394,-0.04642027600373755
2023-05-24,12.247,12.6565,13.646199999999999,13.863299999999999,12.88105,12.314403089260033,12.817141246484459,35.815027728751105,-0.5027381572244263,-0.44447307230407246,-0.058265084920353816
2023-05-25,12.117999999999999,12.5565,13.5966,13.8794,12.871000000000002,12.126033383220028,12.68920485785598,31.519066556984328,-0.5631714746359524,-0.4682127527704485,-0.09495872186550391
2023-05-26,12.011,12.447999999999999,13.542200000000001,13.898399999999999,12.8627,12.020489785801562,12.596671164681464,36.551674434372096,-0.5761813788799017,-0.4898064779923392,-0.08637490088756256
2023-05-30,11.860000000000001,12.3485,13.4814,13.9076,12.8508,11.909645203370554,12.500621448779134,35.43006902609969,-0.5909762454085801,-0.5100404314755873,-0.08093581393299276
2023-05-31,11.773,12.278,13.4222,13.911800000000001,12.8388,11.812776710544314,12.410205045165863,35.26359516655282,-0.597428334621549,-0.5275180121047797,-0.06991032251676932
2023-06-01,11.657,12.203,13.3474,13.9121,12.829949999999998,11.741580293537496,12.33167133811654,36.3901469767575,-0.5900910445790437,-0.5400326185996325,-0.050058425979411236
2023-06-02,11.592,12.174,13.292200000000001,13.913499999999999,12.820250000000001,11.742875632993266,12.288584572330128,42.5432000587311,-0.5457089393368619,-0.5411678827470784,-0.004541056589783543
2023-06-05,11.535,12.111,13.234200000000001,13.904200000000001,12.812100000000001,11.725510150994303,12.239800529935305,41.25394831384568,-0.514290378941002,-0.5357923819858631,0.02150200304486105
2023-06-06,11.529,12.043,13.196200000000001,13.8992,12.80665,11.783123973918256,12.229444935125281,47.91199169732299,-0.44632096120702514,-0.5178980978300955,0.07157713662307041
2023-06-07,11.672,12.0285,13.171800000000001,13.8989,12.8036,11.988797208700063,12.295411976967854,58.81991694434925,-0.30661476826779044,-0.4756414319176346,0.16902666364984414
2023-06-08,11.908000000000001,12.0775,13.1626,13.9077,12.810149999999998,12.30128994582313,12.423159237933199,65.65435877471822,-0.12186929211006792,-0.40488700395612126,0.28301771184605334
2023-06-09,12.183,12.150500000000001,13.1462,13.913800000000002,12.8154,12.53801456954265,12.528110405493702,63.388458949207234,0.00990416404894745,-0.32192877035510753,0.331832934404055
2023-06-12,12.437000000000001,12.224,13.128800000000002,13.9277,12.8177,12.759858481920702,12.63565778286454,64.41708813077965,0.12420069905616238,-0.23270287647285356,0.35690357552901597
2023-06-13,12.685999999999998,12.273,13.1028,13.9409,12.81885,12.91834179239444,12.721164613763463,61.87626086257547,0.1971771786309766,-0.14672686545208755,0.3439040440830642
2023-06-14,12.925,12.349,13.08,13.9474,12.8214,13.033981516641449,12.79144871644765,60.25962283679188,0.24253280019379808,-0.06887493232291042,0.3114077325167085
2023-06-15,13.103,12.379999999999999,13.0396,13.943599999999998,12.82105,13.048753591004303,12.81652658930338,53.48731455974212,0.23222700170092203,-0.00865454551814393,0.24088154721906596
2023-06-16,13.206,12.399,12.999399999999998,13.9376,12.818499999999998,13.007406884695948,12.81382091602165,49.596668009477,0.19358596867429867,0.0317935573203446,0.16179241135395406
2023-06-20,13.262,12.3985,12.940999999999999,13.914200000000001,12.81325,12.881651979358109,12.767611959279305,43.811361357303085,0.11404002007880365,0.04824284987203641,0.06579717020676723
2023-06-21,13.288999999999998,12.409,12.8804,13.8879,12.809149999999999,12.802936290226093,12.738159221554913,45.8852926934595,0.06477706867118016,0.051549693631865165,0.013227375039314995
2023-06-22,13.186000000000002,12.429,12.8236,13.8597,12.804300000000001,12.693253784037463,12.690147427365659,43.213310199697005,0.0031063566718039226,0.04186102623985292,-0.038754669568048995
2023-06-23,12.963,12.435500000000001,12.7782,13.833800000000002,12.8001,12.554291663416315,12.623469840153387,40.49259185519334,-0.06917817673707205,0.019653185644467927,-0.08883136238153998
2023-06-26,12.757,12.47,12.732999999999999,13.8034,12.795600000000002,12.435169869044575,12.560990592734617,40.40128053774454,-0.12582072369004216,-0.009441596222434089,-0.11637912746760806
2023-06-27,12.586,12.5115,12.7028,13.7725,12.794250000000002,12.409759119960794,12.539435734013535,46.73907956756193,-0.129676614052741,-0.03348859978849547,-0.09618801426424553
2023-06-28,12.451999999999998,12.568999999999999,12.6612,13.7378,12.79135,12.41595002458221,12.532810864827347,48.88925955884221,-0.11686084024513654,-0.05016304787982369,-0.06669779236531286
2023-06-29,12.327,12.626,12.624199999999998,13.707799999999999,12.786900000000001,12.41657309772341,12.524454504469766,48.53755541837616,-0.10788140674635649,-0.06170671965313025,-0.04617468709322624
2023-06-30,12.267999999999999,12.6855,12.5892,13.679200000000002,12.78485,12.435561851919807,12.52560602265719,50.08439416659714,-0.09004417073738225,-0.06737420986998066,-0.022669960867401584
2023-07-03,12.291,12.7485,12.572799999999999,13.656,12.78635,12.523936951624453,12.561487058015917,55.70072341503443,-0.037550106391464055,-0.061409389174277344,0.02385928278281329
2023-07-05,12.355,12.8085,12.5578,13.638699999999998,12.784650000000001,12.57102357445146,12.581376905570293,53.230500787174364,-0.010353331118833964,-0.051198177563188674,0.04084484644435471
2023-07-06,12.385,12.837,12.544,13.6217,12.784299999999998,12.586250716843542,12.587941579231753,51.06273913800937,-0.00169086238821059,-0.04129671452819306,0.03960585213998247
2023-07-07,12.43,12.807999999999998,12.538599999999999,13.6049,12.781199999999998,12.579135221944536,12.584390351140511,49.305798741777494,-0.005255129195974817,-0.03408839746174941,0.028833268265774592
2023-07-10,12.546,12.754499999999998,12.546000000000001,13.5852,12.7799,12.636191341645377,12.611472547352324,54.61020008905434,0.02471879429305268,-0.022326959110788993,0.04704575340384168
2023-07-11,12.698,12.7275,12.5502,13.5709,12.785300000000001,12.738315750623011,12.662474580881783,58.59326973449123,0.07584116974122779,-0.0026933333403856355,0.07853450308161342
2023-07-12,12.786999999999999,12.686499999999999,12.541199999999998,13.549000000000001,12.79105,12.803190250527162,12.69932831563128,56.45905595879707,0.1038619348958818,0.018617720306867855,0.08524421458901395
2023-07-13,12.851999999999999,12.652,12.5374,13.526900000000001,12.7976,12.848853288907598,12.729007699658593,55.52560526209443,0.1198455892490049,0.038863294095295264,0.08098229515370964
2023-07-14,12.85,12.5885,12.5316,13.4966,12.802550000000002,12.779798936767968,12.704636758943142,45.9753625728236,0.0751621778248257,0.046123070841201354,0.02903910698362435
2023-07-17,12.827000000000002,12.5475,12.520800000000001,13.4722,12.8075,12.707522177265203,12.675404406428836,44.905928684983344,0.03211777083636669,0.043322010840234425,-0.011204240003867737
2023-07-18,12.803,12.547,12.5296,13.445699999999999,12.8124,12.717134149993633,12.682411487434107,51.15925464887685,0.03472266255952583,0.04160214118409271,-0.006879478624566879
2023-07-19,12.847999999999999,12.6015,12.5374,13.421199999999999,12.820500000000003,12.803728896148458,12.726677303179729,56.98821019502594,0.07705159296872921,0.04869203154102001,0.0283595614277092
2023-07-20,12.892000000000001,12.638499999999999,12.5304,13.3968,12.82855,12.850847527510233,12.755071577018267,54.647011334493115,0.09577595049196574,0.05810881533120916,0.037667135160756586
2023-07-21,12.931000000000001,12.680499999999999,12.5208,13.366699999999998,12.833450000000001,12.863024830970197,12.768029237979878,52.20163524507313,0.09499559299031901,0.06548617086303113,0.029509422127287882
2023-07-24,12.897,12.721499999999999,12.512199999999998,13.3366,12.8347,12.824097933897859,12.756323368499887,48.08230437791745,0.067774565397972,0.06594384977001931,0.0018307156279526865
2023-07-25,12.819999999999999,12.758999999999999,12.5152,13.3117,12.83625,12.778852097913573,12.739558674536932,47.0820225671386,0.0392934233766411,0.060613764491343675,-0.021320341114702573
2023-07-26,12.78,12.7835,12.520199999999999,13.286900000000001,12.8376,12.775951775157639,12.741072846793456,50.284260061143456,0.034878928364182826,0.05546679726591151,-0.020587868901728687
2023-07-27,12.699,12.7755,12.5098,13.2551,12.83915,12.701189963594924,12.707660043327273,44.37487668676622,-0.006470079732348921,0.043079421866259425,-0.049549501598608346
2023-07-28,12.738,12.794,12.5226,13.231699999999998,12.843000000000002,12.714853046118783,12.713759299377104,50.975435114217,0.001093746741679169,0.03468228684134338,-0.03358854009966421
2023-07-31,12.813999999999998,12.820500000000001,12.533800000000001,13.214199999999998,12.850349999999999,12.769491039023587,12.740147499423244,54.24943644375181,0.029343539600342083,0.03361453739314312,-0.004270997792801039
2023-08-01,12.824000000000002,12.8135,12.543199999999999,13.1895,12.856399999999999,12.784953956096881,12.74976620316967,51.59873505083654,0.03518775292721088,0.033929180499956677,0.0012585724272542037
2023-08-02,12.751000000000001,12.7995,12.5502,13.167300000000001,12.85665,12.748807193620438,12.734968706638583,47.59188450819512,0.013838486981855525,0.029911041796336447,-0.016072554814480923
2023-08-03,12.729000000000001,12.8105,12.564799999999998,13.1527,12.85895,12.770529163832679,12.746452506146836,51.86856242148968,0.024076657685842662,0.028744164974237693,-0.004667507288395031
2023-08-04,12.832999999999998,12.882,12.6104,13.1522,12.8672,12.95506313862765,12.837085653839663,62.3723251835435,0.11797748478798731,0.04659082893698762,0.07138665585099968
2023-08-07,13.019,12.958000000000002,12.6666,13.156399999999998,12.875149999999998,13.18813034806955,12.958042272073762,66.06464568065945,0.23008807599578773,0.08329027834874764,0.1467977976470401
2023-08-08,13.207999999999998,13.014,12.7332,13.1649,12.8842,13.377648756058848,13.066335437105336,65.37380098246828,0.31131331895351266,0.12889488646970065,0.182418432483812
2023-08-09,13.343,13.0615,12.786599999999998,13.1644,12.89015,13.49031817820364,13.14364392324568,61.10721793405519,0.34667425495796067,0.17245076016735267,0.174223494790608
2023-08-10,13.526,13.1125,12.843,13.1622,12.8933,13.587192304633849,13.215966595597852,61.19519813039688,0.37122570903599694,0.21220574994108155,0.1590199590949154
2023-08-11,13.617,13.1775,12.8914,13.1568,12.8959,13.60454733469018,13.251820921849863,55.51503855996389,0.35272641284031714,0.24030988252092866,0.11241653031938847
2023-08-14,13.663,13.238499999999998,12.935,13.1412,12.8957,13.593078513968614,13.272426779490614,53.35623711848478,0.320651734478,0.25637825291234295,0.06427348156565704
2023-08-15,13.718,13.270999999999997,12.968399999999999,13.1303,12.8978,13.566451050281135,13.283358129157977,51.948556961089466,0.2830929211231581,0.261721186554506,0.0213717345686521
2023-08-16,13.782,13.266499999999999,12.999600000000001,13.116899999999998,12.9013,13.508535504084037,13.276442712183313,49.0354983511981,0.2320927919007243,0.2557955076237497,-0.023702715723025403
2023-08-17,13.769,13.249,13.0128,13.104499999999998,12.900349999999998,13.393376195763414,13.23818769646603,44.06093726105221,0.15518849929738465,0.2356741059584767,-0.08048560666109206
2023-08-18,13.65,13.241499999999998,13.005999999999998,13.0889,12.89925,13.299010627184428,13.204247867098177,44.34375348054972,0.09476276008625106,0.2074918367840316,-0.11272907669778054
2023-08-21,13.468,13.243500000000001,12.978599999999998,13.070599999999999,12.89575,13.199162838386824,13.163192469535348,42.828045886756286,0.03597036885147631,0.17318754319752055,-0.13721717434604425
2023-08-22,13.279999999999998,13.244,12.9526,13.049399999999999,12.895050000000001,13.097753170942699,13.117030064384581,41.534372497117545,-0.01927689344188188,0.13469465586964008,-0.15397154931152196
2023-08-23,13.139,13.241,12.927,13.027899999999999,12.898699999999998,13.036560375413053,13.086138948504242,44.175754581909636,-0.04957857309118907,0.09784001007747425,-0.14741858316866333
2023-08-24,12.997,13.261500000000002,12.9052,13.004000000000001,12.910049999999998,12.984781856118737,13.057536063429854,44.175754581909636,-0.07275420731111737,0.06372116659975594,-0.1364753739108733
2023-08-25,12.853,13.235,12.877,12.978499999999999,12.92,12.873276955177392,12.998459317990607,38.61214550130899,-0.1251823628132147,0.025940460717161808,-0.1511228235303765
2023-08-28,12.779,13.221,12.8702,12.9549,12.93365,12.860465115919332,12.983017887028339,47.23287366231535,-0.12255277110900664,-0.003758185648071885,-0.11879458546093476
2023-08-29,12.732,13.225,12.873600000000001,12.9365,12.949199999999998,12.874239713470205,12.980572117618832,49.53678218877858,-0.10633240414862755,-0.02427302934818302,-0.08205937480044453
2023-08-30,12.724,13.253,12.892000000000001,12.9165,12.96075,12.910510526782481,12.990159368165585,51.80302407218881,-0.07964884138310424,-0.03534819175516726,-0.04430064962793698
2023-08-31,12.761999999999999,13.2655,12.9074,12.8939,12.96725,12.945816599585177,13.001258674227394,52.236152392367885,-0.055442074642217065,-0.039366968332577225,-0.01607510630963984
2023-09-01,12.64,13.145,12.896799999999999,12.860199999999999,12.9676,12.732614045802842,12.894498772432772,34.6002807387339,-0.16188472662993014,-0.0638705199920478,-0.09801420663788234
2023-09-05,12.539,13.003499999999999,12.893799999999999,12.836000000000002,12.969149999999999,12.564519577217789,12.801572937437752,35.782496515408965,-0.2370533602199636,-0.09850708803763097,-0.13854627218233262
2023-09-06,12.434,12.857,12.888,12.8105,12.97205,12.399208873030437,12.704419386516438,34.522388825748706,-0.30521051348600103,-0.13984777312730498,-0.16536274035869605
2023-09-07,12.267,12.703,12.8632,12.783,12.9724,12.188561354102678,12.580388320848554,30.92566325330874,-0.39182696674587625,-0.19024361185101923,-0.20158335489485701
2023-09-08,12.129000000000001,12.562999999999999,12.8406,12.7509,12.975150000000001,12.054936530394572,12.48702622300792,35.488828941295665,-0.4320896926133475,-0.23861282800348488,-0.19347686460986263
2023-09-11,12.061,12.456999999999999,12.8238,12.723999999999998,12.980250000000002,11.98186937187233,12.419839095377704,39.35687068151524,-0.43796972350537366,-0.2784842071038627,-0.15948551640151098
2023-09-12,11.915000000000001,12.347,12.799599999999998,12.6944,12.982899999999999,11.881581776199663,12.339110273497875,37.05613019973487,-0.45752849729821143,-0.3142930651427325,-0.14323543215547896
2023-09-13,11.761,12.246500000000001,12.7676,12.6702,12.98325,11.809030733707408,12.27028729027581,38.29913551249364,-0.4612565565684026,-0.3436857634278665,-0.11757079314053609
2023-09-14,11.623000000000001,12.1735,12.7456,12.651699999999998,12.984549999999999,11.796872159290883,12.23026600951464,43.13638703354433,-0.43339385022375687,-0.3616273807870446,-0.07176646943671228
2023-09-15,11.493,12.127500000000001,12.729,12.636500000000002,12.98915,11.80350721170767,12.201357416217258,44.74016554661579,-0.39785020450958797,-0.3688719455315533,-0.028978258978034688
2023-09-18,11.503,12.0715,12.7114,12.625,12.99175,11.781429179137259,12.161256866867832,42.62177525009726,-0.3798276877305735,-0.3710630939713574,-0.008764593759216122
2023-09-19,11.503,12.020999999999999,12.6852,12.615599999999999,12.992949999999999,11.759670843885372,12.122645247099845,42.38165517016621,-0.36297440321447283,-0.3694453558199805,0.006470952605507674
2023-09-20,11.504000000000001,11.969,12.6492,12.5997,12.992299999999998,11.719721483287623,12.0765233769443,40.65504568875585,-0.3568018936566766,-0.36691666338731976,0.01011476973064318
2023-09-21,11.552000000000001,11.9095,12.616200000000001,12.578700000000001,12.9921,11.687456639704912,12.034558682355835,40.840440590217995,-0.34710204265092237,-0.3629537392400403,0.015851696589117947
2023-09-22,11.53,11.8295,12.576199999999998,12.556799999999999,12.99185,11.597078695134925,11.96533211329244,35.88987846999282,-0.368253418157515,-0.36401367502353527,-0.004239743133979734
